{
  "success": true,
  "data": {
    "id": "recon_123",
    "period": "04-2024",
    "status": "completed",
    "summary": {
      "total_transactions": 500,
      "matched": 450,
      "unmatched": 50,
      "match_percentage": 90,
      "discrepancy_value": 25000
    },
    "discrepancies": [
      {
        "invoice_no": "INV-001",
        "our_value": 11800,
        "portal_value": 10000,
        "difference": 1800,
        "reason": "Tax calculation mismatch",
        "suggestion": "Verify tax rate"
      }
    ],
    "created_at": "2024-04-15T10:30:00Z",
    "completed_at": "2024-04-15T11:25:00Z"
  }
}